{"count":1,"self":630.3640064,"total":2056.1176972999997,"children":{"InitializeActuators":{"count":20,"self":0.0029920999999999997,"total":0.0029920999999999997,"children":null},"InitializeSensors":{"count":20,"self":0.002992,"total":0.002992,"children":null},"AgentSendState":{"count":184201,"self":42.9893344,"total":68.124194,"children":{"CollectObservations":{"count":736820,"self":0.64034609999999992,"total":0.64034609999999992,"children":null},"WriteActionMask":{"count":736820,"self":0.86989279999999991,"total":0.86989279999999991,"children":null},"RequestDecision":{"count":736820,"self":6.2061448,"total":23.624620099999998,"children":{"AgentInfo.ToProto":{"count":736820,"self":3.6316767999999997,"total":17.4184754,"children":{"GenerateSensorData":{"count":736820,"self":10.3212704,"total":13.786798699999999,"children":{"RayPerceptionSensor.Perceive":{"count":736820,"self":3.465528,"total":3.465528,"children":null}}}}}}}}},"DecideAction":{"count":184201,"self":538.21649919999993,"total":538.2165069,"children":null},"AgentAct":{"count":184201,"self":819.03508479999994,"total":819.0400533,"children":{"AgentInfo.ToProto":{"count":122,"self":0.000997,"total":0.004954,"children":{"GenerateSensorData":{"count":122,"self":0.003957,"total":0.003957,"children":{"RayPerceptionSensor.Perceive":{"count":122,"self":0,"total":0,"children":null}}}}}}},"AgentInfo.ToProto":{"count":6766,"self":0.0947932,"total":0.3659612,"children":{"GenerateSensorData":{"count":6766,"self":0.2122402,"total":0.27116799999999996,"children":{"RayPerceptionSensor.Perceive":{"count":6766,"self":0.058927799999999995,"total":0.058927799999999995,"children":null}}}}}},"gauges":{"MummyRay.CumulativeReward":{"count":6888,"max":23.4167862,"min":-2.87460756,"runningAverage":2.12871647,"value":0.6276021,"weightedAverage":3.768265}},"metadata":{"timer_format_version":"0.1.0","start_time_seconds":"1684806037","unity_version":"2021.3.19f1","command_line_arguments":"C:\\Program Files\\Unity\\Hub\\Editor\\2021.3.19f1\\Editor\\Unity.exe -projectpath C:\\Users\\USER\\Documents\\ML-Agent_Practice -useHub -hubIPC -cloudEnvironment production -licensingIpc LicenseClient-USER -hubSessionId ca79c337-a1c3-4e5e-aae0-457e3a645604 -accessToken OAGWyq7B0dXz-Rf58DW2dPA1atmn1Iu6NLF_4UvBbYQ00df","communication_protocol_version":"1.5.0","com.unity.ml-agents_version":"2.0.0-exp.1","scene_name":"SampleScene","end_time_seconds":"1684808093"}}